years,past years,invest
2018,-2,2.2212875000000003
2019,-1,2.2212875000000003
