years,past years,invest
2017,-3,1.3581333333333335e-05
2018,-2,1.3581333333333335e-05
2019,-1,0.0040248
2019,-1,0.0040248
2020,-1,0
2021,-1,0.0040248
2022,-1,1.0
2024,-1,0.0218
