years,past years,invest
2018,-2,0.0443575
2019,-1,0.0443575
