years,past years,invest
2017,-3,7.6745661
2018,-2,8.9729523
2019,-1,104.91
