years,past years,invest
2018,-2,4.43575
2019,-1,4.43575
