age,distrib
1,14.285714285714286
2,14.285714285714286
3,14.285714285714286
4,14.285714285714286
5,14.285714285714286
6,14.285714285714286
7,14.285714285714286
