age,distrib
1,9.677419355
2,7.52688172
3,0.0
4,5.376344086
5,4.301075269
6,5.376344086
7,11.82795699
8,21.50537634
9,13.97849462
10,9.677419355
11,7.52688172
12,1.075268817
13,2.150537634
14,0.0
15,0.0
16,0.0
17,0.0
18,0.0
19,0.0
20,0.0
21,0.0
22,0.0
23,0.0
24,0.0
