years,growth_rate
2020,1.4000000000000001
1996,1.4000000000000001
